index,Average Return,Timesteps,env,algorithm_name
0,972.0835945992479,0.0,Ant-v3,TD3_Q2a
1,970.6382373793267,5000.0,Ant-v3,TD3_Q2a
2,972.0443221593414,10000.0,Ant-v3,TD3_Q2a
3,847.3259349663264,15000.0,Ant-v3,TD3_Q2a
4,850.0310543333223,20000.0,Ant-v3,TD3_Q2a
5,410.7135148869547,25000.0,Ant-v3,TD3_Q2a
